query_id,query_text,ground_truth,ap10,labels,found_at_10,top_1,prediction
29,"Добрый вечер, не могу выложить авто, авто в собственности около двух лет",2908 4307 4372,0.0,3,0,4364,4364 4423 4347 2896 4232 3786 4318 3789 2646 3932
203,Объявление: №<ID> прошу вернуть в работу. В нём всё написано как,2886 3254 3256,0.0,3,0,4440,4440 4400 4219 4234 4387 2865 4377 3470 2222 4389
325,"Здравствуйте, что делать, если некорректно выполнили работу, которую предоставили через Авито, взяли деньги, но переделывать или возвращать деньги не хотят.",4285 4332,0.0,2,0,4219,4219 2865 1966 4400 4361 4234 2646 4384 1958 4440
394,"Если закрыть публикацию и потом снова опубликовать, она появится заново буто новая?",2204 3932,0.0,2,0,2217,2217 4440 2156 4348 4420 4453 4112 4244 2934 4515
52,Здравствуйте! Не получается оплатить за объявление балами! Что делать,4395,0.0,1,0,4440,4440 4219 4384 4389 2646 4308 4214 2696 4234 2661
73,"У меня в авто теки висит ограничения на регистрацию , на автомобиль хендай салярис гос номер <ID>",4318,0.0,1,0,4364,4364 4401 4232 4307 4423 4372 4271 4328 4206 2908
74,"Здравствуйте, мне не отвечает клиент, который сегодня должен забрать заказ. Работа выполнена, а она не отвечает ни на звонки, ни на сообщения",4403,0.0,1,0,3889,3889 1837 4321 4400 4308 3890 4234 2646 4127 4387
81,"Добрый день. Разьясните пжл по брони с 10 по <DATE>. Что это за акция? Сколько мне гость при заселении должен? Там и 1995 , и 2100. не пойму",3478,0.0,1,0,2037,2037 2721 4127 4219 4234 2646 4505 4182 1951 3359
115,"Добрый день, можете подсказать, купил электровелосипед, мне прислали не тот и теперь не отвечают на сообщение.",4400,0.0,1,0,1837,1837 2062 4411 4219 4434 4437 3890 4308 2064 1838
187,"Добрый день, подскажите не получается оплатить объявление и выставить его",2222,0.0,1,0,4219,4219 4384 4389 4440 2646 4234 4308 4178 3254 3467
225,здравствуйте ! не могу разместить объявление ? выдает что ошибка,2222,0.0,1,0,4307,4307 4440 4008 4389 3781 3784 2219 3786 2646 3777
235,Здравствуйте а деньги куда приходят после возврата?Два дня назад уже продавцу выдали просто заказ.,4384,0.0,1,0,4219,4219 2646 4400 2865 1966 4234 4361 4387 1958 4403
254,"Заказ <ID> Скажите, когда мне вернутся деньги?",4218,0.0,1,0,4219,4219 4384 4400 2646 2865 1966 4387 1958 4361 4234
256,"Добрый день. Подскажите пожалуйста, а где мои 10тысяч которые я вывел на т-банк себе?",2943,0.0,1,0,4361,4361 3565 4219 4384 4328 1951 4234 3844 4406 4401
272,Авито доставку могу в любой сдэк сдавать ?,1909,0.0,1,0,4328,4328 4234 4396 4286 4308 1951 4362 4214 2943 2665
279,"А отправка товара через почту России , кто платит покупатель или продавец?",1951,0.0,1,0,4234,4234 4403 4361 4387 1909 4219 4400 4328 4308 1907
356,"Я не могу посмотреть заказ, выходит сообщение об ошибке",4283,0.0,1,0,4389,4389 4396 4219 4205 2222 4387 4280 2943 4282 4281
388,"здравствуйте, можно получить скидку на выставление второй квартиры в продажу?",4276,0.0,1,0,4214,4214 4451 2698 4361 1951 4445 2665 4219 4308 4286
418,"О каких накрутках речь, я заказал духи в другом городе, авито доставкой?!",3261,0.0,1,0,4234,4234 4396 1899 4308 1909 4328 4286 2646 4214 1951
453,Эффективный Черчилль: Дмитрий Медведев Здравствуйте! Эта книга разрешена к продаже на площадке?,4133,0.0,1,0,3641,3641 4521 4307 2172 1909 4440 4328 4113 4530 4518
455,Можно ли заказать Авито доставку от Сестрорецка до Пушкина?,1899,0.0,1,0,4308,4308 4328 1951 4214 4234 4396 2698 4286 1909 2646
479,"Подскажите, я хочу выставить объявление по услугам риелтора на бали, в какую категорию мне лучше выставлять его?",4224,0.0,1,0,2695,2695 2887 3858 2696 2222 4375 4134 2923 3128 4276
495,Как отправить безопастно ювелирное изделие?,1907,0.0,1,0,4328,4328 1909 4234 4286 4396 1958 4387 3793 4399 4334
416,На странице заказа ничего нет....,2511 3843 4009,0.041666666666666664,3,1,4387,4387 1909 2646 4400 4219 4384 4214 4009 1923 4308
44,До скольки килограмм принимаете посылки,4328 4396,0.05,2,1,4308,4308 4234 1909 4384 3436 1951 4355 4437 3556 4328
296,Здравствуйте 👋 хотел уточнить если у вас акция или скидки для размещения объявлений в категориях недвижимости частные дома 🏘️,2095 4276,0.05,2,1,4451,4451 4214 4307 2698 4134 3993 4440 4363 2208 4276
300,"Добрый день, почему мое объявление которое отклонено после правки, опять просит оплату, хотя оно оплачено?",2886 2894 3254,0.05555555555555555,3,1,4440,4440 2220 3128 2663 2243 3254 4234 2646 4005 2948
342,"Добрый день! Появился покупатель по моему объявлению, хочет купить в рассрочку. Подскажите пожалуйста, как я могу оформить доставку, вес коляски 47 кг",1907 4396,0.0625,2,1,4234,4234 4308 2962 2646 1951 4328 4219 4396 4286 2698
188,Как покупателю проверить прошла ли оплата за заказ? У него высветилась ошибка.,4389 4440,0.1,2,1,4361,4361 4219 2646 2943 4389 4214 4308 4400 4234 4387
372,"Я отправила товар, каким образом мне придут деньги?",4234,0.1111111111111111,1,1,4361,4361 1909 4219 4387 2865 4400 1966 4384 4234 4328
69,Доставка за <MONEY> товары из избранного,4234,0.125,1,1,1951,1951 4214 4335 4308 2698 4286 4328 4234 3467 4532
88,Сколько будет стоить отправить чемодан в тульскую область?,3467,0.125,1,1,1951,1951 4328 4234 1909 4396 4286 2941 3467 4214 4534
243,"Здравствуйте, не могу сделать в своём объявлении примерку",4234,0.125,1,1,4308,4308 4440 4219 4389 4451 4214 2646 4234 4396 4328
332,"Здравствуйте, покупатель хочет отправить курьера за товаром, как расплачиваться?",4286,0.125,1,1,4234,4234 1909 4308 4387 4396 1907 4403 4286 4400 4328
383,"Здравствуйте! Заказ завис с авито доставкой, денги сняли, товар продовец не выслал...",1958,0.125,1,1,4234,4234 1951 4308 2646 1909 4387 4214 1958 4328 4400
59,Если не забирать посылку деньги вернутся покупателю ?,4384,0.14285714285714285,1,1,4219,4219 4400 4308 2831 4403 4387 4384 4234 2865 1966
248,Отмменит заказ возврат средств получится,4387,0.14285714285714285,1,1,4219,4219 2646 4400 2865 1966 4384 4387 4234 4361 4403
344,почему не вернулись деньги за возврат?,4384,0.14285714285714285,1,1,4219,4219 2646 1966 4400 2696 2865 4384 4440 3470 2866
475,Добрый день! Деньги так и не вернулись,4440,0.14285714285714285,1,1,4219,4219 2646 1966 4384 4400 2865 4440 2696 3470 2866
268,"Спасибо! А подскажите, вернется ли полная сумма за заказ с учетом доставки? Или только за сам товар?",2865 4387 4400,0.1574074074074074,3,2,1951,1951 4219 4234 4387 4308 4214 4361 3467 4400 2646
86,"В объявление не могу выбрать необхадимую категорию ""База Отдыха""",3993 4134,0.16666666666666666,2,1,4396,4396 4307 3993 4224 3858 4308 4440 4008 3254 3595
5,"Когда мне прийдут деньги за доставку, сегодня уже <DATE>",4361,0.16666666666666666,1,1,4219,4219 2943 2865 4384 4400 4361 2646 2696 4234 4214
274,Добрый день! Как отправить из Тюмени в Ростов на Дону 8 болмтеров для йоги и 16 деревянных кирпичей?,4234,0.16666666666666666,1,1,4286,4286 4328 1909 4396 4451 4234 1907 4386 3786 3556
299,"Здравствуйте, почему не возвращают деньги за заказ",1966,0.16666666666666666,1,1,4219,4219 2646 4384 4400 1958 1966 2865 2696 4387 4361
386,"Добрый вечер! Сегодня сделала заказ,его пока не отправили,могу отменить и перезаказать, вернутся мне бонусы мои деньги,после отмены?",4395,0.16666666666666666,1,1,4219,4219 2646 4387 1966 4400 4395 4384 2865 4389 4361
461,"Здравствуйте, я сделал возраи посылки и мне не вернули деньги еще",4384,0.16666666666666666,1,1,4219,4219 1966 4400 2865 2646 4384 4308 4403 4440 4387
82,"Здравствуйте! Из-за габаритов товара не получается оформить доставку. Хочу оформить самовывоз, но приложение не даёт оплатить покупку. Сделайте возврат средств!",4384 4396,0.17142857142857143,2,2,4219,4219 4234 4308 2646 1951 4400 4384 2865 4362 4396
285,"Хочу отправить покупателю плафоны, ноо предлагают послать только почтой. Почта стекло не берёт. Как быть?",1907 4328 4396,0.17857142857142858,3,2,4234,4234 4308 4403 4328 1909 4219 4396 4300 4259 4361
353,"Если оплата после покупки, и товар не подойдёт с меня вычтут за доставку ?",1951 4219,0.18333333333333335,2,2,2646,2646 4234 4214 4400 4308 4219 2698 4361 4403 1951
47,Здравствуйте. Как Авито отправляет доставку крупного товара в другие города. И что значит скидка на доставку?,4286,0.2,1,1,4214,4214 2698 4234 2665 4286 1909 4308 4396 4451 4366
207,"Здравствуйте, мне авито пишет что продавец забрал возврат, но он говорит что он не получил ничего и деньги у авито",2646,0.2,1,1,4400,4400 2865 4219 1966 2646 4361 4403 4234 4387 1958
221,От чего зависит сумма бонусов которыми можно оплатить заказ?,4214,0.2,1,1,4219,4219 2646 4395 4424 4214 4389 4308 4384 1951 4234
226,"Здравствуйте я заказал товар а они пришли совсем другие, я сделал возврат заказа в пункте выдачи, и через сколько дней деньги придут мне??",2865,0.2,1,1,4219,4219 4400 1966 2646 2865 4308 4384 4234 4387 4361
375,Входит ли в стоимость доставки ПЭК обрешетка хрупкого груза?,1907,0.2,1,1,1951,1951 4286 3467 4396 1907 4308 4234 4328 4320 4532
393,Как отменить заказ? С возвратом бонусов накопленных за доставку. Продавец ошибочно выставил объявление,4395,0.2,1,1,4387,4387 4219 2646 4214 4395 1958 4234 2865 1951 4400
430,Почему авито не дает сделать сегодня заказ авито курьером?,4308,0.2,1,1,4387,4387 1909 4396 1958 4308 4403 4219 4214 4286 4234
439,"Здравствуйте, как отправить в Крым заказ",4286,0.2,1,1,1909,1909 4328 4234 1958 4286 4387 4396 4219 2646 1918
12,не могу оплатить покупку пишет что то пошло не так,3565 4389,0.2111111111111111,2,2,4219,4219 4384 2646 4308 4389 4440 4234 4395 3565 4396
227,Здравствуйте! Можно пожалуйста узнать. Есть ли у вас калькулятор доставки?,1951 3467,0.2361111111111111,2,2,4234,4234 1909 4328 1951 4308 4219 4214 4286 3467 2646
457,"как я поставлю цену , если не знаю стоимость доставки,",3467 3861 4320,0.25,3,2,1951,1951 3467 4234 4308 4214 4532 2698 4320 4286 1909
22,Почему именно объявление на архива? Я плачу на тысячу шестьсот рублей почему,3128 4307,0.25,2,1,3643,3643 3128 4440 4055 2886 2894 2232 2222 2911 2948
75,"Мой заказ не оплачен, правильно я, понимаю, что товар не отдадут, пока его покупатель не оплатит на пункте выдачи?",2646 4403,0.25,2,1,4387,4387 4403 4361 4234 4400 4308 4532 1907 4219 1958
117,"Добрый день , какие критерии по авито доставке через сдек",4286 4328,0.25,2,1,4234,4234 4328 4308 2698 1951 1958 1909 3467 4361 2646
136,"Мне пришел испорченный товар,хочу вернуть деньги за него!",2831 4400,0.25,2,1,4219,4219 4400 2865 4384 1966 4387 2696 4361 2646 2894
384,"продавец написал, что мой заказ у него не прошел. а у меня сбер списал 2400+<MONEY> задоставку. как получить обратно деньги? могу выслать чек на оплату.",2865 4219,0.25,2,1,4361,4361 4219 4389 4440 2646 4387 4403 4234 1958 4384
470,Хотел бы вернуть деньги за обратную доставку,4400 4403,0.25,2,1,4219,4219 4400 4532 2865 1966 4387 2646 4234 4384 2696
491,"я же четко задал вопрос - как рассчитывается стоимость доставки на товар, нужно ли указывать габариты и вес?",3467 4396,0.25,2,1,1951,1951 3467 1909 4328 4286 4234 4308 4320 3436 1907
24,№<ID> нужно поменять карту на которую приедут деньги та заблокировано,4361,0.25,1,1,4219,4219 2646 4384 4361 2865 2895 2943 2894 2886 2923
90,почему когда продаеш товар авито доставкой за 9999 а прийдет 8890,4361,0.25,1,1,4234,4234 1951 2646 4361 4308 4214 4219 3265 2865 2964
193,"Отменила первую бесплатную доставку, почему теперь нет скидки на доставку",2665,0.25,1,1,4214,4214 2698 4308 2665 3995 1951 4387 4532 4451 2646
201,Здравствуйте. Почему я не могу оплатить/оформить объявление №<ID> ??? Постоянно выдает ошибку при оплате!,4389,0.25,1,1,4219,4219 3565 2646 4389 4308 4440 4307 4384 3254 4396
252,"У меня большой заказ, покупатель заказал доставку через пункт выдачи авито, за упаковку мне нужно платить или нет?",1907,0.25,1,1,4308,4308 4396 4361 1907 1909 4234 4400 4403 4387 2698
277,Продавец отказал в отправке. Как мне вернуть деньги ?,4387,0.25,1,1,4219,4219 4400 2865 4387 1958 1966 4384 4361 4234 2646
288,"Хочу разместить объявление о продаже, но мне выдает только работа",4307,0.25,1,1,2222,2222 3536 2156 4307 4276 4440 3128 4374 2695 2155
319,"Здравствуйте!Прошло больше чем 5 дней,где мои деньги ?",1966,0.25,1,1,2646,2646 2865 2943 1966 4440 4219 4384 4400 4389 4234
348,"Как вернкть деньги,если оюувь не подошла",4400,0.25,1,1,4219,4219 2865 1966 4400 4384 4361 2943 2646 4387 4389
360,Почему доставка покупателям за мой счет????? Отключите эту функцию алло!!!!,4214,0.25,1,1,4234,4234 2698 4384 4214 4361 4219 1951 4403 4362 4451
363,Подскажите купил ноутбук Авито доставкой,4308,0.25,1,1,4234,4234 1951 4328 4308 4361 4400 4219 2646 4286 1909
440,"Здравствуйте, а спустя какое время поступает оплата после продажи авито доставкой ?",4361,0.25,1,1,4234,4234 2646 4153 4361 4050 4308 1951 4219 4045 4133
463,"Здравствуйте! Я отказалась от кроссовок, но деньги мне не возвращают, что мне делать? Деньги ни за доставку ни за сами кроссовки",4400,0.25,1,1,4219,4219 2865 1966 4400 2646 4234 4384 4361 1958 4387
4,как получить деньги за возрат если продавец уже забрал товар?,4400 4403,0.26666666666666666,2,2,4361,4361 2646 4400 4234 2865 4387 2943 4219 1958 4403
196,Здравствуйте! Если отправить посылку СДЭКом можно ли оплатить наличными?,4219 4308,0.26666666666666666,2,2,4328,4328 1909 4219 4234 4396 2646 4389 4286 4384 4308
79,"Просят доставку 3 листов оргалита 1,2*2, 7 м в Башкирию. Возможен ли такой вариант и кто оплачивает доставку?",1951 4286,0.29166666666666663,2,2,4234,4234 4214 1951 2698 4308 2646 4532 4286 4403 1909
258,Размер посылок по авито доставке,4286 4328,0.30952380952380953,2,2,4234,4234 4308 4328 4396 1951 1909 4286 2698 4214 4361
48,"когда вернут деньги, возврат уже выдан продавцу, я заказывала через авито доставку, должны были вернуть деньги в течении 1-5 дней, прошло 2 небели",2646 2865,0.325,2,2,4219,4219 4400 1966 2646 2865 4384 4387 4234 4361 4403
404,Хочу купить товар дороже <MONEY> через авито доставку,4219 4328,0.325,2,2,4308,4308 1951 4234 4328 4219 2698 4320 1909 4396 4214
420,Как сделать чтобы доставка покупателю была бесплатная?,2698 3995 4214,0.3333333333333333,3,2,1951,1951 4214 4234 2698 4403 3467 1909 4532 4308 1907
3,Здравствуйте. Как отправить товар через Авито.,1909,0.3333333333333333,1,1,4234,4234 4328 1909 4400 4396 4387 1958 4308 4286 4219
11,"У меня была первая покупка и стоила она <MONEY> Оплата не прошла, скидка сгорела. Как вернуть оплату доставки <MONEY>?",4214,0.3333333333333333,1,1,1951,1951 4219 4214 2698 4451 4234 2646 4308 4389 4440
15,"Здравствуйте! Меня в пункте выдачи ждет заказ. Если я его не забираю, то мне деньги вернуться на карту?",4387,0.3333333333333333,1,1,4219,4219 4400 4387 2865 2646 1966 4384 4308 4403 4361
20,Почему деньги за заказ вернуться когда отправитель заберёт возврат,1966,0.3333333333333333,1,1,4219,4219 2646 1966 4384 2865 4400 4361 4387 4403 1958
30,"Добрый день! Подскажите, пожалуйста, возможна ли Авито доставка экрана для ванны?",4328,0.3333333333333333,1,1,4234,4234 1951 4328 4286 3467 4219 4361 2698 2943 2646
72,Почему я не могу использовать накопленные бонусы для оплаты доставки?,4219,0.3333333333333333,1,1,4214,4214 4395 4219 2646 4308 4389 2665 4424 4234 4396
91,Здравствуйте как отправить авито доставкой??,1909,0.3333333333333333,1,1,4234,4234 4328 1909 4286 4396 4308 1958 4214 1951 4361
94,"Здравствуйте, почему то покупатель не может оформить заказ доставкой через почту, с чем это может быть связано? Как отправить через почту теперь?",4308,0.3333333333333333,1,1,4234,4234 1909 4308 4219 4361 4387 1951 2646 4328 4396
132,Добрый день А что с ценами на доставку творится? Они вчера взлетели и не опускаются. Я с Краснодара,1951,0.3333333333333333,1,1,4214,4214 2698 1951 4234 2646 4361 4451 4308 2943 2665
144,"Здравствуйте, что за сумасшедшие цены на авито доставку? Это глюк какой-то?",1951,0.3333333333333333,1,1,4234,4234 4214 1951 2698 4308 4328 4362 4286 2665 4153
164,Здравствуйте! Подскажите пожалуйста а как отправить через Авито?,1909,0.3333333333333333,1,1,4328,4328 4234 1909 4286 4396 4400 3467 3565 1951 2865
183,Почему я должен ждать подтверждение продавца на возврат,4400,0.3333333333333333,1,1,4234,4234 2646 4400 1966 4384 2831 4308 4219 4403 2865
209,Здравствуйте! Если у меня объявление с 3 коробками. Человек заказывает сразу все 3. Вес при отправлении делится на 3? Или для каждой коробки по 15-20 кг.?,1907,0.3333333333333333,1,1,4396,4396 4234 1907 4308 1909 4328 3467 4219 4400 4249
249,Почему не списывается оплата доставки бонусами?,4219,0.3333333333333333,1,1,2646,2646 4214 4219 4395 4424 4234 3467 4308 4389 1951
287,"за последние 3 дня у меня один заказ, хотя просмотры на том же уровне. может быть я в каком то теневом бане, такого не было у меня",2948,0.3333333333333333,1,1,4219,4219 4353 2948 4218 4197 4321 2646 4436 4308 4355
292,С <DATE> скидку жду где она когда будет,4214,0.3333333333333333,1,1,4451,4451 2698 4214 4361 1951 4219 3478 1966 4276 3314
334,"здравствуйте,вернул заказ продавцу,деньги обратно не пришли",4400,0.3333333333333333,1,1,4219,4219 4387 4400 4384 2865 1966 2646 4361 1958 2831
376,"Хотел бы уточнить , когда я продаю через авито доставку , обязательно я должен быть отправителем или может быть другой человек ?",1909,0.3333333333333333,1,1,4234,4234 4361 1909 4308 4403 1951 4396 1958 4400 2646
379,Покупатель заказал товар 22 шт в одном заказе. Может ли он при получении отказаться от части позиций из одного заказа или он обязан выкупить всё?,4308,0.3333333333333333,1,1,4400,4400 4219 4308 4532 4387 4214 2646 4403 2698 4234
434,здравствуйте списались бонусы хотя заказ я не оформила когда они вернутся обратно хочу оформить заказ,4395,0.3333333333333333,1,1,4219,4219 2646 4395 4384 4440 4214 4308 4387 2865 4389
436,"Что то именно с заказом , другие покупки карта оплачивала и оплачивает на Авито",2646,0.3333333333333333,1,1,4234,4234 4389 2646 4219 4308 4286 1951 4214 3565 4440
443,Почему мне не вернувшись бонусы за не состоявшуюся покупку товара?,4395,0.3333333333333333,1,1,4219,4219 2646 4395 4214 4389 4424 3026 4400 2865 3536
451,"Здравствуйте, не могу оплатить заказ , пишет заказ оплачен .",4440,0.3333333333333333,1,1,4219,4219 2646 4440 4389 4308 4384 1958 4387 4395 1951
478,Здравствуйте хочу купить фару на авто но при оформлении нет сдек доставки,4308,0.3333333333333333,1,1,1951,1951 4219 4308 2646 4214 4286 4384 4234 4401 2665
215,"Здравствуйте! Я заказывал кроссовки недели 2 назад, но я отказался от них. Продавец кроссовки получил, но деньги не пришли. Можно узнать когда придут деньги?",2646 4219,0.3611111111111111,2,2,4400,4400 4219 2865 4384 4361 4387 1958 4308 2646 4234
38,ге могу отправить товар через авито доставку,4328 4396,0.3666666666666667,2,2,4234,4234 1909 4328 4308 4396 4400 1958 1951 4361 4403
109,"Здравствуйте, отказалась от покупки <DATE>, заказывала через авитодоставку, деньги до сих пор не вернулись. Как вернуть?",1966 4400,0.3666666666666667,2,2,4219,4219 2646 4400 2865 1966 4384 4387 4234 4308 4440
336,"Как отправит велосипед, доставкой Авито, как его упаковывать, и каким он придёт подскажите.",1907 4328,0.3666666666666667,2,2,4234,4234 1909 1907 4286 4328 4308 2646 4361 1951 4396
493,"Если получатель откажется от товара, то за доставку кто будет оплачивать?",4234 4403,0.3666666666666667,2,2,1951,1951 4532 4234 4400 4403 4308 4214 2646 4387 4361
2,"Можете подсказать, если заказать товар Авито доставкой и оплатить также через авито, в случае возврата товара деньги безусловно мне возвращаются?",2865 4400,0.375,2,2,4219,4219 4400 2646 4308 4234 1966 4384 2865 4403 4361
85,Добрый день. Как оплатить товар через Вас? Получаю тгвар и только тогда продовец получает деньги?,4234 4308,0.39285714285714285,2,2,4219,4219 4234 4361 2646 4400 4384 4308 2865 4389 2943
267,"Кто платит за доставку товара через сдэк, если покупатель отказался от товара",4403 4532,0.39285714285714285,2,2,4400,4400 4403 4234 1951 4219 4308 4532 4286 2865 2646
315,"Не удается оформить авито доставку по товару, пишет ошибку что то пошло не так",4219 4308,0.39285714285714285,2,2,3565,3565 4308 4234 1951 2646 4214 4219 4389 4396 4286
373,Как узнать когда я получу деньги за товар,4234 4361,0.39285714285714285,2,2,4219,4219 4361 2646 4400 2865 4384 4234 1958 4387 2943
474,как создать одинаковое объявление с разными характеристиками?,3862 4433,0.39285714285714285,2,2,2242,2242 3862 3467 4354 4388 4287 4433 4234 4440 2918
9,Авито теперь не работает за наличку??,2646 4219,0.41666666666666663,2,2,4234,4234 4308 4219 2646 4501 2665 4379 2171 4400 4153
128,"Здравствуйте. Почему у меня 75 бонусов в профиле , при оформлении заказа, пишут нечего списать?",4214 4395,0.41666666666666663,2,2,4219,4219 2646 4214 4395 4308 1951 4384 4424 4234 3026
240,"Добрый день Оформили заказ И у меня списывают <MONEY> скидку, за что?",2698 4214,0.41666666666666663,2,2,4219,4219 4451 4214 2698 1951 4308 4234 2962 2646 4361
331,"добрый день, у меня 200 бонусов но почему то они не применяются когда пытаюсь оформить покупку",2646 4219,0.41666666666666663,2,2,4395,4395 4214 4219 2646 4308 4234 4424 2948 4384 2698
347,Почему не пришли бонусы за покупку?,4214 4395,0.41666666666666663,2,2,4219,4219 2646 4395 4214 4424 3026 4384 4389 2865 4400
358,Почему доставка сдэк выходит так дорого,4286 4328 4396,0.42063492063492064,3,3,1951,1951 4214 4286 4396 4234 2408 4328 3209 2698 4308
357,"Если заказ отменен по просьбе продавца, до меня он не доехал, почему я должен ждать неизвестно сколько свои деньги?",2646 4219 4384,0.4444444444444444,3,3,4387,4387 2646 4308 4219 1958 4361 4234 2865 4384 2698
468,Здравствуйте. Не могу совершить оплату за заказ,4219 4384 4389,0.4444444444444444,3,2,4219,4219 4361 2646 4440 2943 4389 4214 4387 4234 4205
45,"Вот одно и то же объявление вчера и сегодня. Вчера я Мог потратить бонусы на покупку, сегодня бонусы не получается списывать вообще",2646 4219,0.45,2,2,4395,4395 4219 4424 4214 2646 4389 4440 3026 2943 4384
281,"Подскажите заказ оказался не актуален , мне что делать ? Искать в другом месте ? Деньги вернуться на карту ? Там ведь и доставка оплачена ..",2646 2865,0.45,2,2,4219,4219 2865 4387 4400 2646 1958 4384 1966 4308 4234
351,Объявления не объединились PSN пополнение Турция Хотя галочку в мульти постааил,3862 4242 4433,0.49999999999999994,3,3,4440,4440 3862 4242 4313 4341 4237 1967 3078 4433 2886
84,"При отказе заказа покупателем, ктотоплачивает обратную доставку",4400 4532,0.5,2,2,4234,4234 4532 1951 4400 4403 4308 4219 4387 2646 4214
171,Как оплатить товар прибывший Авито доставкой,2646 4219,0.5,2,2,4234,4234 2646 4308 4219 1951 4361 4384 4328 1909 4214
273,Отмените заказ и вернитк деньги,4384 4387,0.5,2,2,4219,4219 4387 1958 4384 2646 2865 4400 4403 1966 4504
362,К сожалению у меня есть только фотография товара. Я не сделал фото около постоматов,2831 4400,0.5,2,1,4400,4400 4399 2920 4372 4234 2908 4423 3028 4431 3859
371,Как увеличить срок отправления заказа,1909 4387,0.5,2,2,1958,1958 1909 4234 4387 1966 4384 1907 4328 4219 4286
450,"я отказался от товара, когда мне вернут деньги?",4219 4384,0.5,2,1,4219,4219 4400 1966 2865 2646 4387 4403 2696 4532 2831
472,Как сделать чтоб авито снимала деньги за доставку с покупателя а не с продавца,4214 4234,0.5,2,1,4234,4234 2698 1951 4361 4219 1958 2646 4308 4387 4400
480,"Здравствуйте. При просмотре ""Мои объявления"" появляется сообщение: ""Ошибка"". Код ошибки: <ID>. Прошу оказать помощь в устранении данной ошибки.",4273 4283,0.5,2,1,4283,4283 4435 4356 2222 2948 4295 3565 4277 4389 4440
489,"Я сейчас сделала заказ, можно узнать сколько за доставку? Мне вышла сумма 430 которую оплатила с карты. Почему так?",1951 2646,0.5,2,2,4219,4219 1951 4361 2646 4234 4308 4214 4387 2865 4384
13,Пункт отправки из города Нефтекумск,4396,0.5,1,1,1909,1909 4396 4286 1899 1958 4361 4387 4328 1907 4308
33,"Здравствуйте, сегодня ходил смотреть товар, он мне не подошел, отправил обратно, деньги не вернулись , в чем проблема",4219,0.5,1,1,4400,4400 4219 1966 2865 4440 4384 4403 4234 2646 4387
51,"Оформила заказ, а мои бонусы не списались. У меня 602 бонуса. Было написано, нечего списать. Почему?",4219,0.5,1,1,4395,4395 4219 4214 2646 4389 4440 4387 4424 4384 3026
77,Здравствуйте.как отменить аукцион?,4178,0.5,1,1,4387,4387 4178 2794 4234 4232 4219 2253 1958 1909 2663
99,"здравствуйте. мне дает вновь опубликовать истекшие, система пишет заполнить обязательные поля, но все поля заполнены. как быть?",2202,0.5,1,1,4440,4440 2202 4389 1909 4234 4287 4219 4269 4370 4400
105,Здравствуйте. Как отключить скидку по товару (акцию) которая начнет действовать с определенного числа?,4451,0.5,1,1,4214,4214 4451 2698 2665 4445 4276 4234 4395 4081 4361
113,Как отправить мёд в Нижнекамск?,4328,0.5,1,1,1909,1909 4328 4286 4396 4234 4399 1958 3236 1907 4517
118,Если я по итогу не получу заказ 9 числа я могу отменить доставку и вернуть деньги ?,4387,0.5,1,1,4219,4219 4387 4361 2646 4384 4400 4234 2865 1958 4308
130,Если просят отправить доставкой как это реально сделать? Никогда ранее этим не занимался,1909,0.5,1,1,4234,4234 1909 4328 4396 4361 4387 4308 1958 1951 1910
135,что есть отправитель не отправит заказ до нужного срока?,1958,0.5,1,1,1909,1909 1958 4387 4328 4286 4396 4403 4234 1918 1907
153,вы исключаете товар из скидки - потому что считаете мой товар дорогой?,4451,0.5,1,1,4214,4214 4451 2698 4308 4234 4320 4403 2831 4209 4387
166,"Здравствуйте! Заказала авито доставку в другой город. Если покупатель не придёт за заказом и не заберёт его, кто оплачивает доставку товара обратно мне?",4403,0.5,1,1,4234,4234 4403 1951 4532 2646 4387 4308 4286 4400 4407
195,За последний заказ сумма списалась 2 раза,4219,0.5,1,1,4384,4384 4219 4214 4387 2646 1958 4440 2698 4395 4361
229,"здравствуйте, отправил возврат обратно продавцу, он его забрал, но деньги обратно не пришли",4219,0.5,1,1,4400,4400 4219 4403 2646 2865 1966 4387 4234 4361 4384
239,"Если я откажусь от товара , то мне вернут деньги за товар и доставку??",4400,0.5,1,1,4219,4219 4400 2865 4384 2646 4234 4387 4403 4308 4361
246,Моего устройства для приема звонков нет в списке как мне добавить новое устройство ?,3889,0.5,1,1,2717,2717 3889 4503 1875 4273 1877 4283 1879 2926 4502
250,почему не получаеться сделать скидку на весь товар??,4451,0.5,1,1,4214,4214 4451 2698 4308 3995 4219 1951 4209 4366 3478
253,"Отказался от товара , возврата денег нет",4400,0.5,1,1,4219,4219 4400 4403 4384 2831 1966 2646 4308 4234 2865
262,"я заказал и оплатил камеру, но владелец говорит что по такой цене уже нет такой камеры, как мне попросить через Вас деньги обратно?",4387,0.5,1,1,4219,4219 4387 4384 2865 4400 4308 2646 4532 3056 4331
278,как отправить человеку посылку авито доставка,1909,0.5,1,1,4234,4234 1909 4328 4308 4286 4396 4361 1958 2521 4214
286,Не возвращаются деньги за заказ,4219,0.5,1,1,1966,1966 4219 4384 1958 2646 2865 4400 4361 4387 2696
303,"Здравствуйте. А если заказанный мной товар мне не подойдëт, то деньги вернутся сразу на карту с которой я его оплачивал?",2646,0.5,1,1,4219,4219 2646 4400 2865 4384 4387 1966 4361 4308 4234
316,Деньги за продажу можно вывести не на мою карту и не на мой номер телефона сбп?,4361,0.5,1,1,4219,4219 4361 4384 1966 2646 2943 2865 3470 2037 4234
322,"Здравствуйте. Вчера сделала заказ с доставкой авито, но у продавца доставки нет. Как отменить заказ и вернуть деньги?",4387,0.5,1,1,4219,4219 4387 2646 4234 1958 4400 4361 4384 4308 2865
345,"Здравствуйте, делал возврат продавцу, он забрал возврат, а деньги не вернулись",2646,0.5,1,1,4219,4219 2646 4400 1966 2865 4403 4384 4234 4361 4387
359,Я уже продал давно несколько товаров и завершил сделки. До сих пор нет ни одной выплаты на счёт. В чём проблема и подключи оператора.,4361,0.5,1,1,4219,4219 4361 2698 4214 4234 4384 4406 4308 4400 3844
361,когда прийдут деньги за заказ ?,4219,0.5,1,1,4361,4361 4219 2646 2865 4384 1966 1958 2943 4387 4400
387,Помогите настроить авитоотправку. Я продаю байдарку.,1909,0.5,1,1,4234,4234 1909 3467 4361 4362 4214 4456 1948 4451 2267
391,Изменится ли стоимость доставки при отправке через партнëров или сколько указана доставка так и будет без изменений?,3467,0.5,1,1,1951,1951 3467 4214 4234 2698 4308 1909 4396 4320 4286
407,Мне необходимо добавить в вид объекта дополнительный вид,2928,0.5,1,1,4134,4134 2928 4328 2904 3862 4286 4266 1809 4164 2902
423,"Здравствуйте, как активировать промокод на доставку за <MONEY> от теле2",2665,0.5,1,1,4214,4214 2665 2698 4234 4308 3553 1951 4398 4219 1909
435,"У меня на счету 304 бонуса, но я не могу их списать за авито доставку, кнопка Списать неактивна, почему?",2646,0.5,1,1,4219,4219 2646 4214 4395 4424 2698 3026 4396 4234 4308
441,Как отправить коляску детскую Авито доставкой,4234,0.5,1,1,4328,4328 4234 1909 4308 4396 4286 4320 1958 4361 4214
452,Отмените скидки на моих объявлениях,4451,0.5,1,1,4214,4214 4451 2698 2665 4387 4276 3478 3314 4440 2049
454,"Здравствуйте. Прохожу проверку авто, запрашивает фото оригинала ПТС, но ПТС электронный",3028,0.5,1,1,4423,4423 3028 4364 4318 4372 4220 4401 4431 2917 4367
467,"Вчера оформляла заказ, произошла ошибка. Авито деньги у меня списали, а заказ не оформился. Что делать? Как вернуть обратно мои деньги?",4440,0.5,1,1,4219,4219 4440 4387 4384 4400 2646 2865 1966 2943 4389
496,Хочу закрыть кошелек и чтобы деньги за продажи переводили на карту,4384,0.5,1,1,4361,4361 4384 4219 2865 1966 2646 4440 4313 3470 2696
395,почему цена на доставку слишком сильно отличается на разные позиции от одного продавца?,1951 3467 4214,0.5555555555555555,3,2,1951,1951 4308 4214 2698 4361 4234 4320 2948 2695 2665
23,Здравствуйте! Почему нельзя списать все баллы на доставку в данном объявлении? Пишет что доступно к списанию только <MONEY>,4214 4219,0.5833333333333333,2,2,1951,1951 4214 4219 4308 4395 2698 4234 4440 2646 2665
36,Если продавец до сих пор не отправил мне заказ а деньги списались что делать,1958 4387,0.5833333333333333,2,2,4219,4219 4387 1958 4384 4361 2646 1966 4400 2865 4234
212,"Если я отменю заказ, когда мне вернут деньги?",4384 4387,0.5833333333333333,2,2,4219,4219 4387 4384 2646 2865 1958 4361 4400 2696 1966
369,"Подскажите пожалуйста, когда деньги вернут, если был отказ от товара?",2865 4219,0.5833333333333333,2,2,4400,4400 4219 2865 4234 1966 2646 4387 4361 4384 2831
199,"Здравствуйте. Подскажите, почему стоимость доставки для 90% объявлений начинается от <MONEY>, а доставка СДЭКом 11000?",1951 4328,0.6111111111111112,2,2,1951,1951 3467 4234 2698 4214 4308 4362 4286 4328 4532
464,Добрый вечер подскажите как мне забрать оплату за проданный товар,4234 4361,0.6111111111111112,2,2,4234,4234 4403 4400 4384 4219 4308 2646 2943 4361 4218
87,Почему ограничена сумма доставки 150 тыс,4234 4328,0.625,2,2,4328,4328 1951 4214 4219 4133 4286 3467 4234 2698 4308
174,как оплатить в отделении почта России через авито банк,2646 4219,0.625,2,2,4219,4219 4234 4328 4396 4361 4403 3564 2646 4308 4384
213,куда придут деньги когда получатель получит посылку,4234 4361,0.625,2,2,4361,4361 4308 4384 4219 2865 4406 2646 4234 4400 3149
333,"Здравствуйте, можно ли отправить дверь гармошку, авито доставкой?",4286 4328,0.625,2,2,4328,4328 4234 1909 4308 4396 1958 2646 4286 1951 4214
377,"Можно ли отправить ковёр 197 ×137 в свернутом виде, не в рулоне, через Авито или Почту?",4328 4396,0.625,2,2,4328,4328 1909 4308 1910 4234 4400 1958 4396 4219 4403
498,Почему нету доставки за <MONEY>?,1951 4234,0.625,2,2,1951,1951 4308 4214 3467 4328 2665 2646 4234 4286 2698
214,"здравствуйте, почему мне не вернуди деньги за шорты?",1966 2865 4219,0.6333333333333333,3,3,4219,4219 2646 4400 4384 2865 1966 2696 4440 4361 4387
259,"Здравствуйте, оформил заказ и я сделал возврат, а денежные средства до сих пор не пришли",2646 4219 4384,0.6333333333333333,3,3,4219,4219 4400 2865 1966 4384 2646 4387 4308 4440 4361
106,"Здравствуйте, не давно я оформил возврат, подскажите когда придут деньги?",4219 4384,0.6428571428571428,2,2,4219,4219 2865 1966 2646 4400 4361 4384 2696 4234 4308
129,"Скажите пожалуйста, почему доставка стояла за <MONEY> а пока я с продавцом переписывалась она изменилась на 376?",1951 2698,0.6428571428571428,2,2,1951,1951 4234 4308 4286 4214 4219 2698 3467 2646 4400
280,Продавец отказывает в возврате товара,4234 4400,0.6428571428571428,2,2,4400,4400 4219 1966 2646 2831 4403 4234 2865 4361 4387
283,Отправка после перевода на карту,2646 4361,0.6428571428571428,2,2,4361,4361 4219 1909 4384 2865 4234 2646 4396 1966 4387
301,"Здравствуйте, не приходят деньги, отказался от товара и продавец его забрал, а денег нет",2646 4400,0.6428571428571428,2,2,4400,4400 4219 4403 4387 4384 2865 2646 1958 4361 1966
97,"Я отказался от заказа, а деньги не пришли",4219 4384 4387,0.6428571428571429,3,3,4219,4219 4400 2646 4384 2865 4532 4387 1966 2831 4308
270,Доброго времени суток. Почему я не могу оплатить заказ(Авито доставка),2646 4219 4384,0.6666666666666666,3,2,4219,4219 2646 4308 1951 4440 4214 4396 4361 4234 2943
110,"Здравствуйте. Почему стоимость доставки пишут <MONEY>, а при оформлении 299?",1951 4308,0.6666666666666666,2,2,1951,1951 4214 4219 3467 2646 4308 4234 2665 4320 4286
134,Пропала часть бонусов после не успешной оплаты,4389 4395,0.6666666666666666,2,2,4395,4395 2646 4219 4214 4424 4389 4440 4204 4321 4234
157,По какой причине произошла отмена и возврат товара?,4387 4400,0.6666666666666666,2,2,4400,4400 1966 2646 2865 4219 4387 3563 4403 4384 2831
307,Как отправить товар авито доставкой и где в центре Ростова-на-Дону,4234 4396,0.6666666666666666,2,2,4234,4234 1909 4328 4286 4308 4396 1951 1958 4361 2646
327,Как воспользоваться Авито Доставкой?,4234 4308,0.6666666666666666,2,2,4234,4234 4214 4424 2665 4395 4308 4328 1909 1951 4286
340,почему не могу оплатить заказ уже второй день,4219 4389,0.6666666666666666,2,2,4219,4219 2646 4361 4384 4308 4389 4440 4214 4205 4396
409,Когда вернут деньги за отказной товар?,1966 4219,0.6666666666666666,2,2,4219,4219 2865 4400 2646 4384 1966 4361 4387 2696 4234
469,"Здравствуйте, подскажите сколько будет стоит доставка до квартиры электрической плиты из заводского района в центр на Московскою/ Чапаева?",1951 4286,0.6666666666666666,2,2,1951,1951 4234 4328 3467 2698 4286 4214 2602 4276 4308
486,Я заказал штаны заделал возврат и когда мне должны вернуть деньги,4219 4384,0.6666666666666666,2,2,4219,4219 1966 2646 2865 4400 4384 4387 2696 4361 3470
17,В случае отказа от товара деньги вернутся на Авито кошелек. Можно их потом вывести на карту?,1966 4219,0.7,2,2,4219,4219 4400 4384 2646 1966 2865 4361 4387 3470 2943
50,"Здравствуйте,когда вернутся деньги после отказа заказа",2646 4219,0.7,2,2,4219,4219 2865 4400 1966 2646 4384 1958 4387 4508 4234
53,"Если отменить заказанный товар , вернутся ли деньги на карту",4219 4387,0.7,2,2,4219,4219 2646 2865 4400 4387 4384 1966 4361 4308 1958
107,Сколько будет стоить доставка дивана из Зверева Ростовская обл. в Алушту,1951 3467,0.7,2,2,1951,1951 4234 4214 2698 3467 2551 4286 2941 3779 4308
125,Почему вчера доставка была за <MONEY> а сейчас стала платной,1951 4234,0.7,2,2,1951,1951 4214 4532 2698 4234 2646 4361 4308 2665 3563
184,"Когда мне уже вернут деньги? Сколько можно ждать? Почему заказ выдан продовцу, но до сих пор не закрыт?",2646 4219,0.7,2,2,4219,4219 4384 2865 4400 2646 1966 4361 4387 2696 1958
194,"Здравствуйте, а когда придут средства на баланс авито если уже неделю как отказался от тавара",2865 4219,0.7,2,2,4219,4219 4384 4400 1966 2865 2646 4440 4234 4313 4308
206,Могу ли я использовать бонусы на уменьшение суммы комиссия за продажи на авито,4395 4424,0.7,2,2,4395,4395 4361 4214 4219 4424 2646 1951 2665 4234 4396
238,"Здравствуйте, мне отправили шорты, они мне не подошли и я сделал возврат , но мне деньги обратно на Авито кошелек не вернули",1966 4219,0.7,2,2,4219,4219 4384 4400 2865 1966 2646 4440 4403 2696 4387
261,"Здравствуйте, когда примерно придут деньги с возврата?",2865 4219,0.7,2,2,4219,4219 1966 2646 4361 2865 4400 4384 4406 3844 2696
295,Почему бонусы на доставку не списываются,2646 4219,0.7,2,2,4219,4219 4395 4214 4424 2646 2698 1951 2665 4234 4308
306,"Куда пойдут деньги, если я куплю телефон с самовывозом?",4219 4234,0.7,2,2,4219,4219 4308 4361 4384 4234 2865 4400 3871 4406 1966
328,"Здравствуйте, бонусы на аккаунте есть, а списать не дает",2646 4219,0.7,2,2,4219,4219 4395 4214 4424 2646 4389 3026 4440 4400 2665
465,"Когда придут деньги за возврат, на пвз сказали что уже вчера должны были придти деньги",1966 4219 4384,0.7000000000000001,3,3,4219,4219 2646 2865 1966 4384 2696 4361 4406 4400 3844
25,Добрый день. Не получается сделать заказ через корзину. На стадии «Оплатить» появляется ошибка «что-то пошло не так».,2646 4219,0.75,2,2,4219,4219 3565 4308 2646 4389 4384 4234 2222 4400 4387
56,"Здравствуйте, хотел бы уточнить в течении какого времени деньги вернут за возврат?",1966 4219,0.75,2,2,4219,4219 4400 2646 1966 2865 4384 4403 4234 2696 4361
89,Как активировать оплату после получения при оформлении,4219 4234,0.75,2,2,4219,4219 2646 4308 4234 4214 4504 1951 4502 4361 2665
103,"здравствуйте !сделал заказ,вернул его,но деньги не пришли",4219 4384,0.75,2,2,4219,4219 2865 4400 4384 1966 2646 4387 4440 4403 4389
108,Почему так сложно. Если продавец отменил заказ деньги должны вернуться сразу...,2646 4219,0.75,2,2,4219,4219 4387 1958 2646 4384 2865 4361 4400 4504 1966
148,"Добрый день. Как подключить опцию, с Авито доставкой, чтоб 14 дней было у покупателя на возврат ?",4234 4400,0.75,2,2,4234,4234 2646 1966 4400 4214 4219 4308 4451 3006 2698
204,Здравствуйте заказывал шорты они <DATE> пришли не те что я хотел я от них отказался и мне до сих пор не пришли деньги,4219 4400,0.75,2,2,4219,4219 2865 4384 4400 4387 2646 4308 1966 4361 4234
275,"Здравствуйте,продавец товар получил назад,мне возврат не пришол денежных средств,как быть?",4219 4400,0.75,2,2,4219,4219 2646 2865 4400 4234 4387 1966 4403 4361 4308
293,Как получить оплату через авито,4234 4361,0.75,2,2,4361,4361 4219 2646 4234 1909 2943 4308 4328 4400 3889
310,"Здравствуйте!У меня <MONEY> бонусов на доставку . Пробую их списать ,не получается. Как это работает?",2646 4219,0.75,2,2,4219,4219 4395 4214 2646 4234 4308 2698 4424 1951 2665
341,<ID> по этому заказу когда возврат средств будет!?,1966 4219,0.75,2,2,4219,4219 2865 2646 1966 4384 4400 4387 2866 4234 3844
401,Здравствуйте! Промокод будет действовать на цену товара со всеми скидками? Сейчас для товара действует Просто скидка,2698 4214,0.75,2,2,4214,4214 2665 4451 2698 4398 4209 4320 3553 4445 3908
428,"Здравствуйте. Не работают бонусы, при покупке товаров с Авито доставкой.",4214 4219,0.75,2,2,4219,4219 2646 4395 4214 4234 4308 4286 4424 1951 2698
55,"Здравствуйте, оформляла возврат <DATE>, так деньги и не вернулись. Подскажите в каком статусе заявка?",2646 2865 4219,0.7555555555555555,3,3,4219,4219 1966 2646 4400 2865 4384 4440 4389 4234 4361
354,"деньги списались по сбп но их нет на кошельке авито, при оформлении заказа требует снова оплату",2646 2865 4219,0.7666666666666666,3,3,4219,4219 2646 4440 4384 4308 4395 4389 1966 4234 2865
200,Здравствуйте. Когда сделают возврат средств? Прошло 2 дня . Товар продавец забрал,2646 2865 4400,0.8055555555555555,3,3,2646,2646 1966 2865 4400 4219 4403 4387 4234 4361 1958
1,Как передать товар через службу авито,1909 4234,0.8333333333333333,2,2,4234,4234 4400 1909 4387 4308 4403 4328 1907 4396 4286
35,"Сделал возврата товара, когда вернутся деньги?",2646 4219,0.8333333333333333,2,2,4219,4219 4400 2646 1966 2865 4384 4234 2831 2696 3567
41,"Прошу вернуть деньги.Я вам отправила чек.Вы обещали вернуть за невыполнение заказа вернуть деньги.,деньги не поишли",4219 4400,0.8333333333333333,2,2,4219,4219 4387 4400 4384 1966 2865 4361 2696 2646 2886
102,"когда мне вернут деньги, товар вернулся продавцу",4219 4400,0.8333333333333333,2,2,4219,4219 2865 4400 4384 2646 4387 1966 4361 2696 4234
116,Здравствуйте! Почему доставка так дорого стоит? Нет ли ошибки?,1951 4214,0.8333333333333333,2,2,1951,1951 4234 4214 4435 4286 4396 4308 4328 2646 4219
137,Не приходят деньги за возврат товара,2646 4219,0.8333333333333333,2,2,2646,2646 4400 4219 1966 2865 4384 4234 4361 4403 2696
168,"Здравствуйте, почему доставка авито повысилась? Была же бесплатной",1951 4214,0.8333333333333333,2,2,4214,4214 4532 1951 2698 4234 4396 4286 2665 4308 2646
197,Я сделал возврат а деньги не вернулись,1966 4219,0.8333333333333333,2,2,4219,4219 2646 1966 4384 4400 2865 2696 3470 2866 4440
216,Может ли продвец сделать отправку товара мне без моей оплаты или подтверждения с моей стороны?,1909 4234,0.8333333333333333,2,2,1909,1909 1958 4234 4400 4361 4387 4396 4219 4214 2698
220,"Стоимость товара рассчитывается как крупногабаритного,но товар маленький",4286 4328,0.8333333333333333,2,2,4328,4328 3467 4286 4396 4320 1951 4431 4234 1907 4532
302,"Добрый день, подскажите, пожалуйста, от чего зависит сумма доставки? Или где почитать об этом?",1951 3467,0.8333333333333333,2,2,1951,1951 4234 3467 4219 4286 4400 4308 4328 4361 2943
308,Куда опять пропал Портал призов?,4127 4321,0.8333333333333333,2,2,4127,4127 4436 4321 4371 2646 4209 4393 4233 2061 4219
326,Где деньги за заказ который я вернул,4219 4384,0.8333333333333333,2,2,4219,4219 2646 4384 1966 2865 4400 2943 4387 4403 4361
335,"Авито считает что мой товар крупногабаритный и нет в доставке пунктов выдачи Яндекс и авито, а он маленький",4286 4328,0.8333333333333333,2,2,4328,4328 4396 4286 1909 4234 1907 4308 1899 4403 4214
396,"Здравствуйте, подскажите пожалуйста, когда будет возврат денежных средств за возврат товара? Прошло 2 дня",2646 4219,0.8333333333333333,2,2,4219,4219 1966 2646 4400 2865 4234 4384 2831 3567 4403
400,Когда вернуться деньги мне на карту за отказаный заказ от <DATE> года ????,2865 4219,0.8333333333333333,2,2,4219,4219 2646 2865 4400 1966 4361 4387 4384 2696 2521
411,"здравствуйте, я вернула товар он к продавцу едет, когда деньги на кошелек придут?",2865 4219,0.8333333333333333,2,2,4219,4219 4384 2865 1966 2646 4361 4400 4440 4387 2696
412,Здравствуйте Когда вернуться деньги за товар,2865 4219,0.8333333333333333,2,2,4219,4219 2646 2865 4400 4384 1966 1958 4361 4387 4234
449,"Если отменить заказ , когда деньги за него вернутся",2646 4219,0.8333333333333333,2,2,4219,4219 4387 2646 4384 2865 4400 1958 1966 4395 4532
471,Здравствуйте. Почему у меня на всех объявлениях стоит скидка на доставку? Как это перепроверить,2698 4214,0.8333333333333333,2,2,4214,4214 1951 2698 4451 4308 4234 2665 4395 2646 3478
500,Почему не могу списать бонусы при покупке,2646 4219,0.8333333333333333,2,2,4219,4219 4395 2646 4214 3026 4424 4389 4396 4308 4205
211,"Когда вернут деньги за отказ от товара, на пункте выдачи его не забирала, сделала возврат",1966 4219 4400,0.8333333333333334,3,3,4219,4219 4400 4387 2646 2865 1966 4384 4403 2831 4308
57,Почему могу отправить товар только почтой Россиии,1909 4234 4328,0.8666666666666667,3,3,4328,4328 4234 4396 4219 1909 4308 1907 4361 4387 4400
158,Когда мне вернут деньги за возврат,2646 2865 4219,0.8666666666666667,3,3,4219,4219 2646 4384 1966 2865 4400 2696 4361 4387 4234
276,"Здравствуйте! Вернул товар, когда вернуться деньги?",2865 4219 4400,0.8666666666666667,3,3,4219,4219 2865 2646 4384 4400 1966 4387 4234 4403 4361
297,если я сейчас отменю заказ то деньги вернуться мне на карту или в кошелек ?,4219 4384 4387,0.8666666666666667,3,3,4219,4219 4384 2865 2646 4387 1966 4361 4400 4440 3567
309,как вернуть деньги в банк с отмены заказа,2646 4219 4384 4387,0.8875,4,4,4219,4219 2646 2865 4387 4384 1966 4400 1958 3470 2943
177,"Какой груз можно отправить в авитодоставке, габариты 60х60х130",4286 4328 4396,0.9166666666666666,3,3,4328,4328 4286 1909 4396 1907 4308 4234 3436 1951 3467
476,Добрый вечер когда вернут деньги за возврат товара?,1966 2646 4219,0.9166666666666666,3,3,4219,4219 2646 2865 1966 4400 4384 4361 2696 4234 2831
60,Почему во всех объявлениях включена Авито доставка для крупногабаритных грузов??? Если они вообще не крупные,4286 4328 4396,1.0,3,3,4328,4328 4286 4396 2698 4214 4234 1951 4362 1899 1907
67,"Подробно объясните: Как происходит денежный расчет между продавцом и покупателем, если товар приобретается через САМОВЫВОЗ?",4219 4234 4308,1.0,3,3,4234,4234 4219 4308 4400 4050 4153 2646 4332 4361 1951
111,Продавец отменил заказ. Просьба вернуть деньги на мою карту,2646 4219 4387,1.0,3,3,4219,4219 4387 2646 1958 4384 4400 2865 4361 1966 4234
205,Почему я не могу оплатить заказ? Ошибку выдаёт?,2646 4219 4389,1.0,3,3,4219,4219 2646 4389 4308 4384 4214 2943 4307 4361 4396
237,Здравствуйте. Почему при оформлении заказа с Авито доставкой не получается списать бонусы?,2646 4214 4219,1.0,3,3,4219,4219 2646 4214 4395 4308 1951 4384 4234 4424 3026
282,как оплатить уже созданный заказ?,2646 4219 4384,1.0,3,3,4219,4219 2646 4384 4389 4308 4234 4361 4440 4387 4395
390,Добрый день! Когда будет возврат денег за отправленную тональный основу?,1966 2646 4219,1.0,3,3,4219,4219 1966 2646 4361 4234 4400 2865 4384 4308 1909
447,Как добавить сдэк в доставку товаров?,4234 4286 4328,1.0,3,3,4286,4286 4328 4234 4396 1909 4214 4403 4308 2698 1951
448,"Добрый день, авито доставка насчитала мне стоимость доставки, подскажите, это цена для доставки во все регионы России ?",1951 3467 4234,1.0,3,3,1951,1951 4234 3467 4320 4362 4286 4308 4214 4328 4396
473,Когда вернуться деньги за предыдущий неправильный заказ?,2646 2865 4219,1.0,3,3,4219,4219 2865 2646 4384 4387 4400 1966 4361 1958 2696
8,"Добрый вечер , выбираю способ оплаты при получении , для это выбираю почту России , а графа оплата при получении горит красным , что не так?",2646 4219,1.0,2,2,4219,4219 2646 4234 4308 4361 4403 4408 3564 4440 4400
10,"хочу отменить заказ,мне вернут полную сумму?",4219 4387,1.0,2,2,4387,4387 4219 4384 2865 2646 1958 4400 4361 1966 3400
14,"Добрый день! Прошу уточнить: подключил при продаже авито доставку, а покупатель жалуется, что с него еще за доставку могут снять дс.",1951 4234,1.0,2,2,4234,4234 1951 2698 4361 4503 4214 4308 4403 2646 4219
27,Почему мне не вернули деньги за возврат!?,2646 4219,1.0,2,2,4219,4219 2646 4384 1966 4400 2696 2865 4403 2866 3470
31,"Здравствуйте, у меня по обявлению при цене <MONEY>, доставка в 5пост стоит <MONEY>. Что сделать, чтобы была адекватная цена доставки, подскажите пожалуйста!",1951 3467,1.0,2,2,1951,1951 3467 2698 4234 4320 4214 4308 1909 4328 4219
34,Если ч оплатил заказ при отмене заказа деньги за доставку вернут,2646 4219,1.0,2,2,4219,4219 2646 4387 2865 4384 4400 4361 1958 4308 1966
37,"Здравствуйте, а если мне хотят отправить товар на почту России, как это все будет проходить и как мне отправлять деньги, можете написать пошаговое пожалуйста",4219 4234,1.0,2,2,4234,4234 4219 1909 4403 4308 4387 4328 4361 4396 4400
43,почему я не могу оплатить при получении,2646 4219,1.0,2,2,4219,4219 2646 4384 4308 4389 4234 4214 4361 4395 4440
46,"Добрый день. Скажите клиент делает заказ с доставкой, мы оплачиваем доставку или клиент?",1951 4234,1.0,2,2,4234,4234 1951 4308 2646 4532 1958 4219 4361 4387 4328
62,Добрый вечер. Заказ от <DATE>.деньги не вернули за возврат товара,2646 4219,1.0,2,2,4219,4219 2646 1966 4400 2865 4384 4403 4387 4440 4234
66,Я не могу заказать одежду с оплатой при получении,2646 4219,1.0,2,2,4219,4219 2646 4308 4234 4408 4384 4400 2521 4396 4361
83,"Здравствуйте, я оплатила объявление",4389 4440,1.0,2,2,4440,4440 4389 3254 4395 4219 2222 2886 2894 2220 4214
93,почему не оформляется заказ с оплатой при получении товара?,2646 4219,1.0,2,2,4219,4219 2646 4308 4234 4214 4400 4384 1951 4408 4403
98,"Если я оплатил доставку через спб и заказал через сдэк , если я откажусь от товара деньги мне на мою карточку прийдут?",4219 4400,1.0,2,2,4400,4400 4219 2646 4403 4361 4308 4234 2865 4387 4532
101,"Если я закажу несколько брюк и после примерки возьму только одну пару, то я буду должен платить за доставку тех, от которых отказался?",4308 4400,1.0,2,2,4400,4400 4308 4219 4532 4234 4361 1951 4214 4403 4384
112,"Если я отправляю товар Авито доставкой, с меня вычитается стоимость доставки?",1951 4234,1.0,2,2,1951,1951 4234 3467 4308 1909 4320 4396 4532 4328 2646
114,"Почему цена, представленная изначально за Авито доставку при оформлении покупки, отличается до двух раз в большую сторону ?",1951 4214,1.0,2,2,1951,1951 4214 4219 4308 2646 4320 4234 4286 4384 4396
120,Здравствуйте! Как мне отправить товар покупателю авито доставкой?,1909 4234,1.0,2,2,4234,4234 1909 4308 4396 4387 4503 1951 4328 2646 3149
127,"Стоимость доставки до оформления заказа было256 рублей, как только заказал стало <MONEY> как это у вас ловко получается?",1951 4234,1.0,2,2,1951,1951 4234 4214 4308 4219 2665 3467 2646 2698 4286
138,"Здравствуйте. Продавец не отправил заказ, в заказе я использовала промокод на бесплатную доставку. Смогу ли я использовать этот промокод для другого заказа?",2665 4214,1.0,2,2,2665,2665 4214 2698 1958 4387 3553 4398 4308 4234 1909
149,"Можете ли подарить промокод на скидку на доставку,в честь долгого пользования вашим сервисом?",2665 4214,1.0,2,2,4214,4214 2665 2698 4451 4308 4398 3553 4361 4234 1951
151,Деньги по заказу <ID> списались 2 раза,4219 4384,1.0,2,2,4219,4219 4384 4440 2646 1958 4387 4389 2865 4395 1966
152,"Здравствуйте. Подскажите, пожалуйста, если я отправлю товар доставкой в другой город, кто оплачивает доставку и как рассчитать её стоимость?",1951 4234,1.0,2,2,1951,1951 4234 3467 4286 1909 4308 4328 2646 4361 4396
154,Как можно оформить доставку товара покупателю?,4234 4308,1.0,2,2,4234,4234 4308 1951 1909 2698 4219 1899 4214 4286 4400
159,Здравствуйте. Можете ли вы мне помочь вернуть деньги за заказ?,2865 4219,1.0,2,2,4219,4219 2865 4400 4387 4384 1966 2646 2696 1958 4361
163,Почему не работает услуга оплата при получении,2646 4219,1.0,2,2,4219,4219 2646 4234 4384 4308 4307 4214 2831 4408 4395
170,как узнать промокод для оплаты доставки бонусами?,2665 4214,1.0,2,2,4214,4214 2665 4395 2646 2698 4219 4308 3553 4398 3467
172,Как работает оплата при получении?,2646 4219,1.0,2,2,4219,4219 2646 4234 4308 4214 4400 2831 4361 4502 4379
178,"Здравствуйте, есть ли какие промокоды на доставку?",2665 4214,1.0,2,2,4214,4214 2665 2698 4308 1951 4234 4398 3553 4286 2865
181,"Товар оплачен с доставкой, но продавец уехал из города и в ближайшее время не сможет его отправить. Как можно отменить покупку и вернуть деньги?",1958 4387,1.0,2,2,4387,4387 1958 4234 4308 4219 4400 2646 4361 1909 2865
185,заказ не оформился денег нет в кошельке с карты списаны,4219 4440,1.0,2,2,4219,4219 4440 2646 4384 4389 4395 4308 4387 4331 4400
210,"Здравствуйте, стул детский примет авито доставка? Как можно отправить? И дадут ли коробку, если нет коробки такого размера",1907 4396,1.0,2,2,4396,4396 1907 4328 1909 4234 4308 4214 4286 1958 4400
219,"Здравствуйте, как для нового пользователя, именно этого аккаунта, у меня есть промокод на авито доставку?",2665 4214,1.0,2,2,2665,2665 4214 2698 4308 4234 1951 4398 3553 2646 4361
230,Подключена ли бесплатная доставка на 4 товара или нет?,2698 4214,1.0,2,2,4214,4214 2698 4234 3995 4400 4396 1951 1907 4403 4307
232,"Здравствуйте продавец отказался отправить,заказ оплачен",1958 4387,1.0,2,2,4387,4387 1958 1909 4400 4234 4286 4219 4308 4403 2646
264,как отправить крупногабаритный груз 35 кг из кирова доставкой?,4286 4328,1.0,2,2,4328,4328 4286 4396 1907 1909 4234 4308 4387 1951 3436
305,когда мне вернутся деньги за отказ от товара,4219 4400,1.0,2,2,4219,4219 4400 2865 2646 4384 1966 4387 4361 4234 4218
317,"Здравствуйте, я не активировала скидку на доставку в объявлении",2698 4214,1.0,2,2,4214,4214 2698 4451 2665 1951 4308 4395 4234 4219 4440
318,если оплата при получении как происходит платежный процесс?,2646 4219,1.0,2,2,4219,4219 2646 4389 4308 4234 4440 2865 4400 4361 4384
324,"Здравствуйте, подскажите пожалуйста, какая посылка является крупногабаритным товаром?",4286 4328,1.0,2,2,4328,4328 4286 1909 4396 4234 3436 4384 1899 1907 4219
346,"Промокод, который я использовал для доставки за <MONEY> могу еще раз использовать? Заказ отменен",2665 4214,1.0,2,2,2665,2665 4214 4308 4384 2698 4234 4219 4387 1951 2646
350,"Не размещает бесплатно, пишет , что авто не на учёте, хотя оно на учёте и я собственник",4307 4364,1.0,2,2,4364,4364 4307 4371 2914 4347 4423 4178 4318 4363 2155
398,Какой максимальный вес при отправке Авито доставкой?,4328 4396,1.0,2,2,4328,4328 4396 1909 4234 4286 3467 1907 4308 4361 1951
402,"Как узнать о доставке товара артикул товара53099 хочу оформить заказ с доставкой но пишут что доставка будет стоить 19000 ,может быть это опечатка?",1951 4234,1.0,2,2,1951,1951 4234 4308 4214 2698 2646 1909 4286 1958 4219
414,Как отправить автокресло с Авито доставкой,4234 4328,1.0,2,2,4234,4234 4328 1909 4286 4308 4396 1951 3265 2646 1958
421,"Здравствуйте. Скажите, пожалуйста, почему не работает опция «оплатить при получении».",2646 4219,1.0,2,2,4219,4219 2646 4234 4408 4308 3565 1951 4400 4440 4384
422,Как отправлять посылки по Авито доставке?,1909 4234,1.0,2,2,4234,4234 1909 4328 4286 4308 4396 1951 1958 3467 1918
427,"Здравствуйте, как вернуть деньги за товар, от которого я отказался?",4219 4400,1.0,2,2,4219,4219 4400 4384 2865 2646 4387 1966 4234 2696 4308
431,"Здравствуйте! Хотелось бы узнать побольше об Авито доставка, там нужно за доставку оплачивать самим?",1951 4234,1.0,2,2,1951,1951 4234 4214 2646 4286 1909 4532 2698 4400 4362
446,Не могу найти движок прибавить комиссию к цене товара,4320 4361,1.0,2,2,4361,4361 4320 1951 4328 2794 3015 4396 4234 4008 4219
459,Почему у этого товара нет скидки на доставку,2698 4214,1.0,2,2,4214,4214 2698 4451 2665 1951 4308 4400 4234 4219 4366
462,Скажите пожалуйста авито доставка сколько будет стоить и дней,1951 4234,1.0,2,2,1951,1951 4234 3467 2698 4214 4328 4286 2646 4218 4219
483,"Объясните, пожалуйста, чем регламентирована такая высочайшая стоимость Авито доставки?",1951 3467,1.0,2,2,1951,1951 3467 4234 4308 4328 4286 2698 4396 4214 1899
488,"Купил товар Не понятно с доставкой, стоит сумма доставки от <MONEY> А если это будет стоить 1млн?",1951 4234,1.0,2,2,1951,1951 4234 4320 4308 4214 3467 4400 4219 4532 4328
490,Деньги за возврат заказа <ID> не вернулись.,2646 4219,1.0,2,2,4219,4219 2646 4384 1966 4400 2696 2865 4440 4387 3470
492,"Почему я не могу оплатить товар с доставкой? Идет очень долгая загрузка,оплата СПБ,тинькофф и кошельком авито. В чем проблема????",2646 4219,1.0,2,2,4219,4219 2646 1951 4384 4308 4361 4389 4234 4440 4214
497,Сколько платит покупатель за доставку?,1951 4234,1.0,2,2,1951,1951 4234 4361 4403 4214 2698 4308 4532 2943 3467
499,Добрый вечер 🌇 Присылали промокод на <MONEY> на доставку не могу его найти ),2665 4214,1.0,2,2,4214,4214 2665 2698 4308 4361 1951 4234 4398 3553 4396
6,Почему пишете что доставка <MONEY> а когда оплачиваешь получается больше <MONEY>?,1951,1.0,1,1,1951,1951 4234 4214 2646 4219 2698 4308 4532 4361 3467
7,Почему такая Большая сумма доставки из Москлвской области в Казань?,1951,1.0,1,1,1951,1951 3467 4214 1899 4286 4328 4308 4234 4386 3265
16,"продавец отменил заказ, когда приедут деньги?",4219,1.0,1,1,4219,4219 4387 4361 2646 1958 2865 4384 4400 4234 4308
18,"Здравствуйте, почему сумма доставки меняется при оформлении?",1951,1.0,1,1,1951,1951 4219 4214 2646 4308 4234 4384 4286 2665 2698
19,"Добрый день! Как мне отключить ""14 дней на возврат""? Jн автоматически включился когда я включила ""Авито Доставку""",4234,1.0,1,1,4234,4234 4400 2646 1966 2865 4361 4384 4219 2698 4214
21,Почему такая сумма скидки за пересылку авитодоставкой,4214,1.0,1,1,4214,4214 2698 1951 4451 4308 4361 4234 3314 2665 4328
26,Добрый вечер. Покупатель задает вопрос. Типа не настроено что-то для крупной посылки,4234,1.0,1,1,4234,4234 4164 4286 4437 4328 4361 4290 4301 4227 4235
28,"Добрый день! Подскажите, не вижу объект в черновиках у сотрудника (Галина Светлая). В чем может быть проблема?",2661,1.0,1,1,2661,2661 2663 2794 3738 4308 4262 4202 4264 4361 4526
32,Как упаковать покупку для отправки,1907,1.0,1,1,1907,1907 1909 4396 4234 4328 4504 4286 3419 4361 4219
39,"Приветствую, почему деньги на кошелек зачисляются",4384,1.0,1,1,4384,4384 4219 1966 4395 2865 3552 4361 2646 3567 3470
40,По ошибке отправили более дорогой товар. Модно остановить его выдачу покупателю?,4387,1.0,1,1,4387,4387 4403 4396 1909 4328 4234 4308 4214 4400 3149
42,Я хочу сделать заказ. В графе доставка лучшая цена указано авито <MONEY> А при оформлении цена авито доставки <MONEY> Можно узнать почему.,1951,1.0,1,1,1951,1951 4234 4308 4219 2646 4214 3467 4320 4328 4286
49,Клиент просит отправить книгу доставкой,4328,1.0,1,1,4328,4328 4234 1909 1951 4308 4396 4286 1958 4387 2646
54,"Здравствуйте,оплатила объявление",4440,1.0,1,1,4440,4440 4389 3254 4395 4219 2222 2220 2894 2886 4214
58,"Почему такая дорогая от меня доставка? Покупатели не верят, жалубтся. У вас опять сбой системы?",1951,1.0,1,1,1951,1951 4387 4234 2646 4214 4308 4403 2698 4219 4532
61,Добрый вечер. Не могу применить услугу «просто скидка»- не видны мои объявления для скидки. Как ее подключить?,4451,1.0,1,1,4451,4451 4214 2698 4276 2148 3909 3478 2665 4433 4440
63,"Хочу заказать товар. И оформить. Доставку, но при получении оплатить этот товар.",4219,1.0,1,1,4219,4219 4308 4234 2646 4384 1899 1951 4400 4396 4361
64,Когда вернутся деньги за возврат,4219,1.0,1,1,4219,4219 2646 2865 1966 4384 4400 4361 2696 4508 4234
65,Подскажите как оформить отправку повара через авито доставку?,4234,1.0,1,1,4234,4234 4308 1951 1909 4396 1899 4328 2698 4219 4400
68,Скажите пожалуйста я продавец завтра отправляю товар через почту там надо платить за отправку или нет,4234,1.0,1,1,4234,4234 1909 4400 4361 1958 1951 4219 4308 4387 1907
70,"Здравствуйте хотел бы узнать, почему такая сумма большая если носки стоят <MONEY>",1951,1.0,1,1,1951,1951 4214 4219 4234 1837 4384 2646 2232 4400 4308
71,Здравствуйте а как осуществить доставку через Авито ?,4234,1.0,1,1,4234,4234 4328 1909 4308 4400 4214 1910 4396 1951 4219
76,Здравствуйте! Почему при заказе доступна только Яндекс доставка?,4396,1.0,1,1,4396,4396 1951 4214 4308 1909 4328 4234 4219 4286 2511
78,"Почему стоимость доставки отображается как <MONEY>, а при заказе уже 400",1951,1.0,1,1,1951,1951 3467 4308 4214 4532 4320 4234 2698 4219 2665
80,столько будет стоить продажа с доставкой?,1951,1.0,1,1,1951,1951 4234 4361 3467 4214 4308 2698 2646 4328 4286
92,"Здравствуйте,как работаем авито доставка? Должна ли я что-то платить отправляя заказ?",4234,1.0,1,1,4234,4234 1958 1909 4219 2646 4286 4308 4328 1951 4214
95,"Здравствуйте, почему стала такая дорогая доставка? Пропало желание что либо покупать, товар дешевле, чем доставка",1951,1.0,1,1,1951,1951 4234 4214 4308 1901 2698 3088 4403 4219 2646
96,Здравствуйте почему у меня авито доставка стоит в 2 раза дороже чем у моего друга,1951,1.0,1,1,1951,1951 4214 2698 4234 3128 4219 4328 4286 2220 2646
100,"Здравствуйте, как сделать возврат товара если не понравилось, через 5пост.А,то приходится забирать даже если не подошёл товар",4400,1.0,1,1,4400,4400 4219 2831 4403 4234 2646 4308 1966 4387 4532
104,"я раньше запчасть отправлял без проблем,а сейчас она доставка встает очень дорого.Почему так?У нас не могут заказать авито доставку",1951,1.0,1,1,1951,1951 4234 4308 1909 4328 4214 4396 2646 2698 4286
119,От чего зависит стоимость доставки?,1951,1.0,1,1,1951,1951 3467 4320 4234 4214 4308 3861 4286 2665 4532
121,"Здравствуйте, как отправить товар Авито доставкой обычной легковой?",4234,1.0,1,1,4234,4234 1909 4328 4286 1958 4396 1951 4387 4308 1907
122,Здравствуйте Почему в объявлении Костровая чаша такая большая стоимость доставки?,1951,1.0,1,1,1951,1951 3467 4214 4308 2698 4234 4286 4532 2646 2665
123,Добрый день. У меня хотят заказать колыбель через Почту России. Но в объявлении можно отправить только сдэк. Почему нельзя отправить почто?,4328,1.0,1,1,4328,4328 4234 4396 4308 1909 4219 4403 4286 4400 3419
124,Скажите пожалуйста как работает авито доставка ?,4234,1.0,1,1,4234,4234 4328 1951 4286 4214 2698 3467 4501 2964 4308
126,"Здравствуйте! Почему стоимость доставки на основной странице объявления одна, а когда начинаешь оформлять доставку тем же способом, цена намного выше?",1951,1.0,1,1,1951,1951 4214 3467 2698 4308 4234 4320 2665 2646 4219
131,Почему разная стоимость доставки перед покупкой и в объявлении?,1951,1.0,1,1,1951,1951 4308 4214 3467 2698 4234 4532 2646 4219 4286
133,Как оформить доставку для покупателя за счёт продовца,2698,1.0,1,1,2698,2698 4234 4308 4361 1951 4214 4219 1899 2646 4384
139,Добрый день ! Когда мне вернут деньги за возвратный товар ?,4219,1.0,1,1,4219,4219 2646 4400 2865 4384 1966 2696 4361 4234 4387
140,"Отказался от заказа в связи другой суммы доставки, как вернуть деньги",4219,1.0,1,1,4219,4219 4400 4387 2865 1966 2646 4308 4384 4234 4532
141,Здравствуйте Оплатил размещение объявления Но пришло оповещение что оплата не прошла,4440,1.0,1,1,4440,4440 4389 4276 2171 1836 4395 4307 2095 2646 4008
142,"Добрый день, как исправить скидку в объявлении?",4451,1.0,1,1,4451,4451 4214 2698 2886 2922 2894 3469 4234 3478 3254
143,"Хотел купить, но цена за доставку очень высокая",1951,1.0,1,1,1951,1951 4320 4308 4234 4214 4400 4219 4331 4321 4436
145,"Добрый день! Я произвожу фото для проверки наличия авто! В конце бот просит фото ПТС с кодом но у меня его нет ,1он электронный! Что делать??",4423,1.0,1,1,4423,4423 4364 3028 4220 4318 4367 4372 4431 4277 4207
146,"Обратился покупатель, хотел приобрести товар ( подголовник для кресла) с помощью Авито доставки , но цена указана 10000 , почему?",1951,1.0,1,1,1951,1951 4320 4234 4361 4308 4403 4400 4214 3467 4219
147,"Я сегодгя разместила объявление Мулен Руж и оплатила его,но это объявление висит как не оплаченное",4440,1.0,1,1,4440,4440 4389 2894 3128 2155 2222 3862 2886 4016 4307
150,"Здравствуйте. Сколько максимальные габариты отправки через почту России? Почему я заказал гитару , и на почте продавцу сказали что не примут, даже не измерили.",4328,1.0,1,1,4328,4328 1909 4396 1907 4234 4308 4219 4361 4286 4403
155,"Здравствуйте, возможно ли отправить Авито доставкой бампера автомобиля?",4328,1.0,1,1,4328,4328 1909 4234 1958 4396 4308 4286 2646 4214 1951
156,Если что то продать к примеру за <MONEY> то деньги только на карту переводить?,4361,1.0,1,1,4361,4361 4219 2646 2865 4384 4308 4234 4400 4387 2943
160,Почему доставка Не такая как в карточке товара почему прибавляется су,1951,1.0,1,1,1951,1951 4214 2698 4308 4234 4361 2646 4219 4286 4328
161,"Почему деньги отправились в кошелёк впервые? Я так не хочу, как отключить эту навязанную услугу, хочу получать сразу на свою карту.",4384,1.0,1,1,4384,4384 4219 4361 4440 1966 2646 2865 4234 2696 4308
162,"Добрый день , подскажите пожалуйста в течении какого времени происходит возврат средств за заказ ?",4219,1.0,1,1,4219,4219 2865 2646 1966 4400 4234 4361 2696 4387 2943
165,"Здравствуйте, почему в объявлениях не могу применить скидку на доставку?",4214,1.0,1,1,4214,4214 4451 2698 2665 1951 4308 4396 4219 4328 4366
167,отключите чтобы деньги с заказов шли на кошелек.,4384,1.0,1,1,4384,4384 4219 2865 1966 2646 4440 4361 4400 4234 4387
169,когда вернутся деньги за кеды? написано что кеда вернулись продавцу,4219,1.0,1,1,4219,4219 2646 2865 1966 4384 4400 4440 1958 4387 4361
173,"Сколько будет мне стоить доставка от Москвы до рязанской области, если я отправлю платье выставленное за <MONEY>?",1951,1.0,1,1,1951,1951 3467 4286 4234 4214 2698 1909 4328 4308 1958
175,"Не приходит оплата за продажи, после перехода на тариф с комиссией за продажу не пришла не одна выплата, реквизиты в профиле указанны!",4361,1.0,1,1,4361,4361 4234 4218 4516 4204 1951 2646 4153 4384 4045
176,"товар не понравился, сделал возврат. когда вернут деньги",4219,1.0,1,1,4219,4219 2646 1966 4384 4400 2865 2696 4387 4234 4361
179,"добрый день. пропала возможность ставить ""Просто скидку"". это была временная опция?",4451,1.0,1,1,4451,4451 4214 2698 4219 4328 1951 4234 4276 2646 4290
180,"Сняли деньги с карты,но объявление не выставили,написано что оплата не прошла,а по факту деньги сняли",4440,1.0,1,1,4440,4440 4389 2646 4219 2943 2865 4361 2171 1966 2696
182,Почему доставка стоит по цене самого товара?,1951,1.0,1,1,1951,1951 4320 4286 4214 4234 3467 2698 2232 4328 2948
186,Деньги списали !!! Объявление не выложили !!бонусы тоже списали за оплату ! А объявление не выложили пишет заново чтобы оплатила !,4440,1.0,1,1,4440,4440 4395 4219 4389 2646 4424 2204 4214 3932 4384
189,"Если я продаю товар и покупатель оформляет доставку, какие дальнейшие действия?",4234,1.0,1,1,4234,4234 4214 4308 1951 4331 4361 2698 4403 1909 2665
190,Как мне рассчитать стоимость доставки курьером?,1951,1.0,1,1,1951,1951 3467 4308 4234 4362 4396 4286 1909 2665 4387
191,А деньги на карту вернут или нет? Я отказываюсь от заказа.,4219,1.0,1,1,4219,4219 4400 2865 1966 2646 4384 4387 4361 2831 4234
192,почему доставка такая дорогая <MONEY> не в какие рамки,1951,1.0,1,1,1951,1951 4214 4234 2698 4286 4328 4308 4396 1901 1899
198,Когда вернутся деньги за возврат?,4219,1.0,1,1,4219,4219 2646 1966 2865 4384 4400 2696 4361 1958 4508
202,"Здравствуйте, как отправить Авито доставкой? Сначала человек оплачивает? А потом отправляю? Или как?",4234,1.0,1,1,4234,4234 1909 4286 4328 1951 4308 4396 1958 2646 4361
208,когда сгорят мои бонусы авито и сгорят ли?,4395,1.0,1,1,4395,4395 4214 4424 4219 2646 4235 3026 4301 4218 1966
217,Какие габариты можно отправить авито доставк,4328,1.0,1,1,4328,4328 4286 1909 4396 4234 1907 4308 3467 1951 3436
218,Добрый вечер! Почему у покупателя пишет доставка дороже чем у продавца?,1951,1.0,1,1,1951,1951 2698 4214 4234 4219 4308 4361 4403 2646 4286
222,"Написано что не оплачено, а деньги списали с т -банка",4440,1.0,1,1,4440,4440 4219 2865 4384 2646 4389 2886 1966 2894 4387
223,Вчера оплатила публикацию объявления. Почему оно не опубликовано?,4440,1.0,1,1,4440,4440 3932 2204 2663 3128 3482 4291 4420 4348 4289
224,Оплатил объявление два раза списали так и не октивировалрсь,4440,1.0,1,1,4440,4440 4389 4219 4395 4214 3590 2646 2222 3588 2698
228,"А сколько будет стоить авито достввка, если я закажу футболку стоимостью 1,7к",1951,1.0,1,1,1951,1951 3467 4234 2551 2698 4214 4320 4308 3128 3861
231,Подскажите пожалуйста аквариум через авито доставку можно отпрвить,4328,1.0,1,1,4328,4328 4234 1909 4308 1951 4396 3467 4286 4214 4219
233,"здравствуйте,почему такая дорогая доставка",1951,1.0,1,1,1951,1951 4214 4234 4308 4286 4532 4328 4396 1901 1899
234,"Подскажите пожалуйста , я правильно понимаю, что я получу за сумку не ту сумму которую я заявила ? С меня удержат за отправку и продажу ?",4361,1.0,1,1,4361,4361 4234 1909 2646 1951 4219 4403 4218 4214 2923
236,У меня кнопочный телефон. Как мне оплатить покупку с карты. Прошу пояснить пошагово,4219,1.0,1,1,4219,4219 4308 2646 4389 4384 4234 3127 3565 4395 4361
241,"Почему написана одна цена на доставку, а в реальности в 2 раза больше?",1951,1.0,1,1,1951,1951 4214 2698 4234 2665 4308 4320 2232 2911 4219
242,Здравствуйте. Интересует какие ограничения по весу на авито доставку?,4328,1.0,1,1,4328,4328 4234 4286 4214 4133 1951 2665 4308 4396 1909
244,Сделайте мне чтоб я мог оплатить при получении,4219,1.0,1,1,4219,4219 2646 4384 4400 2831 4234 4308 4395 4214 4403
245,"Проверку авто, не увидел сообщение что надо пройти проверку",4423,1.0,1,1,4423,4423 4083 4012 4364 1831 4218 4496 3661 2668 3054
247,Как сделать доставку для покупателя за счет продавца?,2698,1.0,1,1,2698,2698 4214 4234 1951 4362 4219 4308 3995 4361 4403
251,"Хочу узнать, как происходит оплата при получении на пункте авито? Я поставила оплату при получении картой впервые",4219,1.0,1,1,4219,4219 2646 4234 4308 4361 4408 4384 4400 2831 2865
255,как происходит оплата при получении на почте россии?,4219,1.0,1,1,4219,4219 2646 4234 4361 4328 4403 4408 4308 3055 3689
257,Почему нет скидки на товар и на доставку?,4214,1.0,1,1,4214,4214 2698 4451 2665 1951 4234 4445 4308 4366 4219
260,"Здравствуйте я хочу заказать рубашку через 5 post,написано доставка 159,а начинаешь оформлять 269 выходит",1951,1.0,1,1,1951,1951 4308 4234 4214 4328 4219 4396 4286 2646 2698
263,"Здравствуйте.Подскажите,как вернуть товар после выкупа,но в объявлении есть значок на возврат 3дня.",4400,1.0,1,1,4400,4400 4219 4234 2865 2831 1966 2646 4308 4384 4532
265,Здравствуйте! Как вернуть заказ седланный 5пост № <ID> от <DATE>. Продавец оказался не порядочным и положил вместо обещанных вещей какой то хлам и тряпье?,4400,1.0,1,1,4400,4400 4308 4219 4387 4361 4234 1958 1909 2865 4384
266,Почему не опубликовано платное объявление? Деньги списали,4440,1.0,1,1,4440,4440 4307 3128 4389 2923 2663 2198 2915 4219 2894
269,Как сделать онлайн оплату при самовывозе,4219,1.0,1,1,4219,4219 4234 4308 4384 2646 4389 1951 4153 4133 4361
271,Здравствуйте. Оплатил размещение объявления пишет что не удалось оплатить в банке деньги списались,4440,1.0,1,1,4440,4440 4219 4389 4384 4395 2646 4008 2865 1966 2220
284,"Здравствуйте, почему я не могу списать бонусы при покупке товара?",4219,1.0,1,1,4219,4219 4214 2646 4395 4424 3026 4389 4308 4384 4400
289,"добрый день, почему я не могу поставить просто скидку на свое обьявление",4451,1.0,1,1,4451,4451 4214 2698 4219 1951 4307 4308 2665 4008 2663
290,Купил пакет проверок автотек как проверить авто которого нет на авито?,4232,1.0,1,1,4232,4232 4423 2171 4308 2941 4364 4400 4219 4255 4214
291,От чего зависит цена на доставку товара? Например велосипед за 5 т.р. доставить в Москву,1951,1.0,1,1,1951,1951 4328 4286 4214 4320 4308 4234 1907 3467 4400
294,Можно ли отправить веники берёзовые сдек,4328,1.0,1,1,4328,4328 1909 4396 4308 4234 4517 1958 4286 4516 1966
298,Деньги вернутся мне или продавцу?,4219,1.0,1,1,4219,4219 4400 2865 4387 2831 2646 4384 1966 1958 4234
304,"Здравствуйте, подскажите пожалуйста куда делись бонусы, я планировала их потратить на доставку, но их нет! И ни где не было информации, что они сгорят!",4395,1.0,1,1,4395,4395 4214 4219 2646 4424 4308 4234 1951 2665 4361
311,"Оплатила размещение, но объявление не опубликовано, как так?",4440,1.0,1,1,4440,4440 2171 2968 2794 4276 2663 3128 4337 4307 2942
312,Добрый день! Почему не возвращаются деньги за заказы от которых отказался при выдачи?,4219,1.0,1,1,4219,4219 4400 1966 2646 2865 4384 4387 1958 4532 4403
313,"Здравствуйте. Оплата прошла, объявление не опубликовано",4440,1.0,1,1,4440,4440 4389 2171 2204 3932 2222 3595 4214 4287 2217
314,"Оплатил объявление , а пишут что оплата не прошла, как так?",4440,1.0,1,1,4440,4440 4389 2171 2646 2886 4395 4219 4394 2894 2222
320,Ограничения по весу для авито доставки,4328,1.0,1,1,4328,4328 4234 4286 3467 4362 4396 1951 4308 4133 1909
321,От чего зависит стоимость доставки,1951,1.0,1,1,1951,1951 3467 4320 4234 4214 4308 3861 4286 2665 4532
323,"Мое объявление почему то списывает деньги с моей доставки, хотя у вас написано оплачивает покупатель",4234,1.0,1,1,4234,4234 1951 2646 4440 4205 4218 2886 4408 4219 4202
329,"А деньги вернутся, только после того как заказ приедет?",4219,1.0,1,1,4219,4219 2865 4400 4387 2646 4384 1966 4403 4361 4234
330,Я отправила заказ хочу получить деньги,4361,1.0,1,1,4361,4361 4219 4234 2646 4387 1958 4384 1909 2865 4400
337,Сколько стоит отправить товар Авито доставкой,4234,1.0,1,1,4234,4234 1951 4328 1909 4396 4286 4308 4214 4361 3467
338,У маленького блока весом 100грамм доставка как крупно габаритный товар.,4328,1.0,1,1,4328,4328 4286 4396 4234 4214 1909 1951 1907 3467 3436
339,"Здравствуйте, почему мне деньги не вернулись с заказа?",4219,1.0,1,1,4219,4219 2646 1966 4384 4400 2865 4440 2696 4389 4387
343,"Здравствуйте, можно мне объяснить как работает авито доставка.",4234,1.0,1,1,4234,4234 4328 4214 1909 4308 1951 4286 4219 2698 2646
349,Вы оборзели со стоимостью доставки ?,1951,1.0,1,1,1951,1951 3467 4214 4234 2698 4308 4286 4362 4445 1907
352,Почему такая дорогая стоимость доставки ?,1951,1.0,1,1,1951,1951 3467 4532 4214 4320 4308 2698 4234 3861 3265
355,поставил оплату при получении .наличкой можно будет оплатить?,4219,1.0,1,1,4219,4219 2646 4234 4308 4214 4361 4408 1951 4395 3564
364,Когда вернуться деньги за возврат товара,4219,1.0,1,1,4219,4219 4400 2865 1966 2646 2696 4384 4361 4406 4234
365,"Если я отправляю товар в другой город через почту России, то сколько я должна буду заплатить за отправку?",4234,1.0,1,1,4234,4234 4403 1909 4361 4396 4308 1907 4219 4328 4400
366,Здравствуйте если я здал товар мне деньги должны придти сразу на карту ?,4219,1.0,1,1,4219,4219 2646 4361 4384 2865 4400 1966 4308 4387 4234
367,Товар нужно самому упаковывать перед отпоавкой?,1907,1.0,1,1,1907,1907 1909 4234 4308 2831 4328 4396 4400 4286 4361
368,Если блузка <MONEY> доставка сколько возьмёт? Я первый раз отправляю,1951,1.0,1,1,1951,1951 4234 4214 1909 3467 1958 4396 2698 4286 4308
370,"Просят подключить доставку 5ки, но как быть с безопасностью товара?",4234,1.0,1,1,4234,4234 1951 2698 4214 4308 4361 1907 4451 4400 4050
374,Здравствуйте подскажите что и как действует ваша доставка,4234,1.0,1,1,4234,4234 2665 1951 4214 1909 4286 4361 4328 2943 2698
378,"Здравствуйте.. Как это работает, доставка",4234,1.0,1,1,4234,4234 4214 1909 2646 4219 2698 2943 1951 4286 4328
380,"Здравствуйте, в чем причина???? Почему я не могу оплатить размещение объявления ???",4440,1.0,1,1,4440,4440 4307 3128 4389 4219 2646 4276 3254 2095 4008
381,Не опубликовалось объявление после оплаты,4440,1.0,1,1,4440,4440 4389 2222 4356 2908 2693 2220 4008 4276 4519
382,Почему для маленьких запчастей доставка как для крупногабаритных,4328,1.0,1,1,4328,4328 4286 4396 1899 4234 4214 1909 1907 1951 2665
385,Где найти раздел пригласить друга,4395,1.0,1,1,4395,4395 4424 2972 4454 1842 4262 4214 4264 4523 1909
389,Можно ли отправить плиту электрическую из моих объявлений авито доставкой?,4328,1.0,1,1,4328,4328 1909 4234 4286 4308 4396 1951 4214 2646 3265
392,"Отмените платеж за доставку, чтобы я мог забрать товар, который покупатель не забрал",4403,1.0,1,1,4403,4403 4234 4387 4308 4532 4400 4361 2646 2943 4219
397,"Как вернуть деньги, если я оплатила, а товара нет в наличии?",4219,1.0,1,1,4219,4219 4400 2646 2865 4384 2696 4387 1966 4440 4111
399,Добрый день. Подскажите как отправлять заказ через авито в другой регион? И как быть с оплатой не разу с этим не сталкивалась.,4234,1.0,1,1,4234,4234 4219 1909 3467 4328 1958 4308 2646 4400 1951
403,что значит авито доставка? это ко мне приезжает от вас курьер и я передаю товар для покупаетля?,4234,1.0,1,1,4234,4234 4387 4308 1909 4286 2698 3467 4328 1951 4362
405,"Здравствуйте! Оплатили объявление о продаже оборудования, с карты деньги списались, но объявление после модерации не активно, требует оплаты",4440,1.0,1,1,4440,4440 4389 4219 2646 2865 4361 2894 4384 4395 4218
406,"Почему мне не начисляются баллы за покупку? Сколько ращ заказывала, бонусы есть, но ни разу не начислили",4395,1.0,1,1,4395,4395 4219 4214 2646 4424 4384 4234 4389 1951 4400
408,"Продавец не может получить деньги , а не покупатель",4361,1.0,1,1,4361,4361 2646 4234 1958 4387 4219 4403 4504 4400 3149
410,Здраствуйте! Я опубликовал объявление! А оно до сих пор не опубликовано! Я его оплатил,4440,1.0,1,1,4440,4440 3932 2204 3595 2222 2217 4287 2207 4420 2646
413,Почему нестыковка в цене доставки? Написано <MONEY> когда начинаю оформлять цена увеличивается до 600,1951,1.0,1,1,1951,1951 4234 4214 4308 3467 4320 4219 2698 2646 4328
415,Не могу оформить оплату при получении заказа,4219,1.0,1,1,4219,4219 2646 4308 4234 4384 4361 4400 4214 4389 4387
417,Когда пройдет проверка собственность авто,4364,1.0,1,1,4364,4364 4423 4307 2908 3789 1887 4372 4363 4495 2896
419,"Я оплатила объявление. Деньги списаны . Приложение авито пишет , что платеж не прошел.",4440,1.0,1,1,4440,4440 4389 2646 4219 4313 3565 2222 4397 2865 3564
424,Добрый вечер Можно рассчитать приблизительную стоимость доставки на Авито Сочи - Москва,1951,1.0,1,1,1951,1951 3467 4308 4214 4234 4320 4286 4328 4396 2665
425,КАК ВКЛЮЧИТЬ ПРИМЕРКУ НА ОБУВЬ В ОБЪЯВЛЕНИИ,4234,1.0,1,1,4234,4234 4408 4433 4451 1901 4367 2698 3889 4308 4440
426,Можно ли заказать доставку через авито,4308,1.0,1,1,4308,4308 4328 4234 1909 1899 4400 4396 4219 1910 1951
429,"Здравствуйте, можно ли отправить стеклянные вазы через авито доставку?",4328,1.0,1,1,4328,4328 4234 1909 4308 4396 1958 1951 4400 4214 4286
432,"Здравствуйте, только сейчас оплатила заказ на сумму 5501 мне нужно доплатить ещё 3000 за этот заказ как это сделать?",4219,1.0,1,1,4219,4219 2646 4440 4384 4361 1958 4214 4308 4387 4234
433,"Здравствуйте, почему так быстро меняется цена доставки,1 час назад была439,сейчас уже 539?",1951,1.0,1,1,1951,1951 3467 4214 4308 4234 3128 2646 3168 4219 2219
437,"Здравствуйте, хотела бы уточнить по поводу доставки, выбираю доставку за <MONEY> В корзине цена меняется на <MONEY>",1951,1.0,1,1,1951,1951 4308 4234 3467 4214 4219 3168 2665 1909 2646
438,Почему у меня нельзя списать бонусы? Почему с моей страницы доставка выходит дороже чем со страницы мужа например,4219,1.0,1,1,4219,4219 4214 2646 4395 4424 1951 3128 4234 3026 4009
442,"Здравствуйте. Оплатила объявление <ID> , все замечания исправило но оно не ставится в активное, опять просит деньги. Прошу разобраться, оплатила <MONEY>",4440,1.0,1,1,4440,4440 4389 2886 4219 3254 2865 2646 2894 4285 4400
444,Удалить отзыв неваляшка мой который я написала,3147,1.0,1,1,3147,3147 4411 3260 4419 3431 2060 4404 2062 3008 3151
445,в этом объявлении почему нельзя выбрать доставку в пункт выдачи авито чтобы проверить монитор перед оплатой?,4308,1.0,1,1,4308,4308 4214 4219 2698 4362 4234 1899 1951 4396 4408
456,почему высокая цена на доставку,1951,1.0,1,1,1951,1951 4214 2698 4308 2665 2948 2911 4234 3467 4451
458,"Оплатила случайно два раза заказ, потом сразу отменила, но вернулась только одна оплата. Когда мне вернут вторую оплату?",4219,1.0,1,1,4219,4219 2646 4387 4384 2865 4440 4389 1966 4400 4395
460,Добрый день. Почему такая дорогая доставка?,1951,1.0,1,1,1951,1951 4234 4214 2698 4286 4308 4328 2943 1899 2646
466,Здравствуйте как пользоваться Авито доставкой,4234,1.0,1,1,4234,4234 4214 4308 2665 4424 4384 4395 4400 4328 2646
477,"Здравствуйте! Подскажите, а как рассчитать стоимость доставки, если надо доставить несколько товаров в другой город?",1951,1.0,1,1,1951,1951 3467 4234 4308 2698 4214 4286 4320 1909 4396
481,А сколько стоит доставка для меня в этом объявлении,1951,1.0,1,1,1951,1951 4234 2698 4214 3467 4328 4362 4308 4440 4045
482,"Доброе утро. Вчера вечером оплатила объявление, а сегодня пишут что объявление ждет оплаты",4440,1.0,1,1,4440,4440 4389 3552 2943 4346 4219 4395 2646 4361 2222
484,"Здравствуйте скажите пожалуйста а можно из Крыма Красноперекопска отправить посылку коляску для новорождённых, габариты высота 110 см ширина 60 на 60 см?",4328,1.0,1,1,4328,4328 4396 1909 4286 3436 1907 4234 3467 4308 4384
485,Сколько стоит доставка до Казани,1951,1.0,1,1,1951,1951 4234 3467 2698 4214 4286 4328 4320 4396 3861
487,Кто оплачивает упаковку товара ?,1907,1.0,1,1,1907,1907 4286 1951 4234 1909 4400 4396 4361 4328 4532
494,Магу ли я отправить авито доставкой,4328,1.0,1,1,4328,4328 4234 1909 4396 4308 1958 4361 2646 4286 1951
